<Footprint name="21-0043D_8_MXM" >
  <Units type="mils" precision="3" />
  <Extents minX="-2420" minY="-2780" width="4190" height="3950" />
  <Padstack name="SX60Y60D32P" type="through-hole" > 
    <Hole plating="plated" >
      <Drill figure="circle" diameter="32" width="32" height="32" />
    </Hole>
    <Symbol figure="Triangle" diameter="40" width="40" height="40" drillChars="f" />
    <Layers>
      <Layer name="TOP" >
        <Pad shape="square" width="60" height="60" /> 
      </Layer>
      <Layer name="PASTEMASK_TOP" >
        <Pad shape="square" width="60" height="60" /> 
      </Layer>
      <Layer name="SOLDERMASK_TOP" >
        <Pad shape="square" width="60" height="60" /> 
      </Layer>
      <Layer name="BOTTOM" >
        <Pad shape="square" width="60" height="60" /> 
      </Layer>
      <Layer name="SOLDERMASK_BOTTOM" >
        <Pad shape="square" width="60" height="60" /> 
      </Layer>
      <Layer name="default_internal" >
        <Pad shape="square" width="60" height="60" /> 
      </Layer>
    </Layers>
  </Padstack>
  <Padstack name="EX60Y60D32P" type="through-hole" > 
    <Hole plating="plated" >
      <Drill figure="circle" diameter="32" width="32" height="32" />
    </Hole>
    <Symbol figure="Triangle" diameter="40" width="40" height="40" drillChars="f" />
    <Layers>
      <Layer name="TOP" >
        <Pad shape="circle" width="60" height="60" /> 
      </Layer>
      <Layer name="PASTEMASK_TOP" >
        <Pad shape="circle" width="60" height="60" /> 
      </Layer>
      <Layer name="SOLDERMASK_TOP" >
        <Pad shape="circle" width="60" height="60" /> 
      </Layer>
      <Layer name="BOTTOM" >
        <Pad shape="circle" width="60" height="60" /> 
      </Layer>
      <Layer name="SOLDERMASK_BOTTOM" >
        <Pad shape="circle" width="60" height="60" /> 
      </Layer>
      <Layer name="default_internal" >
        <Pad shape="circle" width="60" height="60" /> 
      </Layer>
    </Layers>
  </Padstack>

  <Padstack name="SX60Y60D32P" type="through-hole" > 
    <Hole plating="plated" >
      <Drill figure="circle" diameter="32" width="32" height="32" />
    </Hole>
    <Symbol figure="Triangle" diameter="40" width="40" height="40" drillChars="f" />
    <Layers>
      <Layer name="TOP" >
        <Pad shape="square" width="60" height="60" /> 
      </Layer>
      <Layer name="PASTEMASK_TOP" >
        <Pad shape="square" width="60" height="60" /> 
      </Layer>
      <Layer name="SOLDERMASK_TOP" >
        <Pad shape="square" width="60" height="60" /> 
      </Layer>
      <Layer name="BOTTOM" >
        <Pad shape="square" width="60" height="60" /> 
      </Layer>
      <Layer name="SOLDERMASK_BOTTOM" >
        <Pad shape="square" width="60" height="60" /> 
      </Layer>
      <Layer name="default_internal" >
        <Pad shape="square" width="60" height="60" /> 
      </Layer>
    </Layers>
  </Padstack>
  <Padstack name="EX60Y60D32P" type="through-hole" > 
    <Hole plating="plated" >
      <Drill figure="circle" diameter="32" width="32" height="32" />
    </Hole>
    <Symbol figure="Triangle" diameter="40" width="40" height="40" drillChars="f" />
    <Layers>
      <Layer name="TOP" >
        <Pad shape="circle" width="60" height="60" /> 
      </Layer>
      <Layer name="PASTEMASK_TOP" >
        <Pad shape="circle" width="60" height="60" /> 
      </Layer>
      <Layer name="SOLDERMASK_TOP" >
        <Pad shape="circle" width="60" height="60" /> 
      </Layer>
      <Layer name="BOTTOM" >
        <Pad shape="circle" width="60" height="60" /> 
      </Layer>
      <Layer name="SOLDERMASK_BOTTOM" >
        <Pad shape="circle" width="60" height="60" /> 
      </Layer>
      <Layer name="default_internal" >
        <Pad shape="circle" width="60" height="60" /> 
      </Layer>
    </Layers>
  </Padstack>
  <TextBlocks>
    <TextBlock name="17" width="6.25" height="25" lineSpacing="25" characterSpacing="6.25" /> 
  </TextBlocks>

  <Pins>
    <Pin number="1" padName="SX60Y60D32P" originX="0" originY="0" rotation="0" isMechanical="no" textBlockName="17" />
    <Pin number="2" padName="EX60Y60D32P" originX="0" originY="-100" rotation="0" isMechanical="no" textBlockName="17" />
    <Pin number="3" padName="EX60Y60D32P" originX="0" originY="-200" rotation="0" isMechanical="no" textBlockName="17" />
    <Pin number="4" padName="EX60Y60D32P" originX="0" originY="-300" rotation="0" isMechanical="no" textBlockName="17" />
    <Pin number="5" padName="EX60Y60D32P" originX="300" originY="-300" rotation="0" isMechanical="no" textBlockName="17" />
    <Pin number="6" padName="EX60Y60D32P" originX="300" originY="-200" rotation="0" isMechanical="no" textBlockName="17" />
    <Pin number="7" padName="EX60Y60D32P" originX="300" originY="-100" rotation="0" isMechanical="no" textBlockName="17" />
    <Pin number="8" padName="EX60Y60D32P" originX="300" originY="0" rotation="0" isMechanical="no" textBlockName="17" />
  </Pins>
  <Vias>
  </Vias>
  <Layers>
    <Layer name="PACKAGE GEOMETRY/PLACE_BOUND_TOP" packageHeight="180" packageHeightMin="0">
      <Path lineWidth="0" type="shape" >
        <Point x="340" y="-340" />
        <Point x="340" y="40" />
        <Point x="315" y="40" />
        <Point x="315" y="55" />
        <Point x="-15" y="55" />
        <Point x="-15" y="40" />
        <Point x="-40" y="40" />
        <Point x="-40" y="-340" />
        <Point x="-15" y="-340" />
        <Point x="-15" y="-355" />
        <Point x="315" y="-355" />
        <Point x="315" y="-340" />
        <Point x="340" y="-340" />
      </Path>
    </Layer>
    <Layer name="MANUFACTURING/NO_PROBE_TOP" packageHeight="180" >
      <Path lineWidth="0" type="shape" >
        <Point x="-45" y="-360" />
        <Point x="-45" y="60" />
        <Point x="345" y="60" />
        <Point x="345" y="-360" />
        <Point x="-45" y="-360" />
      </Path>
    </Layer>
    <Layer name="REF DES/SILKSCREEN_TOP" packageHeight="180" >
      <Label layer="REF DES/SILKSCREEN_TOP" textBlock="3" angle="0" x="150" y="-175" text="Ref" justify="center" />
    </Layer>
    <Layer name="DEVICE TYPE/SILKSCREEN_TOP" packageHeight="180" >
      <Label layer="DEVICE TYPE/SILKSCREEN_TOP" textBlock="3" angle="0" x="150" y="-175" text="Dev" justify="center" />
    </Layer>
    <Layer name="USER PART NUMBER/SILKSCREEN_TOP" packageHeight="180" >
      <Label layer="USER PART NUMBER/SILKSCREEN_TOP" textBlock="3" angle="0" x="150" y="-175" text="PN" justify="center" />
    </Layer>
    <Layer name="DEVICE TYPE/ASSEMBLY_TOP" packageHeight="180" >
      <Label layer="DEVICE TYPE/ASSEMBLY_TOP" textBlock="3" angle="0" x="150" y="-175" text="DEV" justify="center" />
    </Layer>
    <Layer name="COMPONENT VALUE/SILKSCREEN_TOP" packageHeight="180" >
      <Label layer="COMPONENT VALUE/SILKSCREEN_TOP" textBlock="3" angle="0" x="150" y="-175" text="VAL" justify="center" />
    </Layer>
    <Layer name="TOLERANCE/SILKSCREEN_TOP" packageHeight="180" >
      <Label layer="TOLERANCE/SILKSCREEN_TOP" textBlock="3" angle="0" x="150" y="-175" text="TOL" justify="center" />
    </Layer>
    <Layer name="REF DES/ASSEMBLY_TOP" packageHeight="180" >
      <Label layer="REF DES/ASSEMBLY_TOP" textBlock="3" angle="0" x="150" y="-175" text="Ref" justify="center" />
    </Layer>
    <Layer name="PACKAGE GEOMETRY/ASSEMBLY_TOP" packageHeight="180" >
      <Label layer="PACKAGE GEOMETRY/ASSEMBLY_TOP" textBlock="3" angle="0" x="5" y="-25" text="*" justify="center" />
    </Layer>
    <Layer name="PACKAGE GEOMETRY/SILKSCREEN_TOP" packageHeight="180" >
      <Label layer="PACKAGE GEOMETRY/SILKSCREEN_TOP" textBlock="3" angle="0" x="0" y="35" text="*" justify="center" />
    </Layer>
    <Layer name="PACKAGE GEOMETRY/ASSEMBLY_TOP" packageHeight="180" >
      <Path lineWidth="0" type="line" >
        <Point x="-5" y="-16" />
        <Point x="-5" y="16" />
      </Path>
    </Layer>
    <Layer name="PACKAGE GEOMETRY/ASSEMBLY_TOP" packageHeight="180" >
      <Path lineWidth="0" type="line" >
        <Point x="-5" y="16" />
        <Point x="-16" y="16" />
      </Path>
    </Layer>
    <Layer name="PACKAGE GEOMETRY/ASSEMBLY_TOP" packageHeight="180" >
      <Path lineWidth="0" type="line" >
        <Point x="-16" y="16" />
        <Point x="-16" y="-16" />
      </Path>
    </Layer>
    <Layer name="PACKAGE GEOMETRY/ASSEMBLY_TOP" packageHeight="180" >
      <Path lineWidth="0" type="line" >
        <Point x="-16" y="-16" />
        <Point x="-5" y="-16" />
      </Path>
    </Layer>
    <Layer name="PACKAGE GEOMETRY/ASSEMBLY_TOP" packageHeight="180" >
      <Path lineWidth="0" type="line" >
        <Point x="-5" y="-116" />
        <Point x="-5" y="-84" />
      </Path>
    </Layer>
    <Layer name="PACKAGE GEOMETRY/ASSEMBLY_TOP" packageHeight="180" >
      <Path lineWidth="0" type="line" >
        <Point x="-5" y="-84" />
        <Point x="-16" y="-84" />
      </Path>
    </Layer>
    <Layer name="PACKAGE GEOMETRY/ASSEMBLY_TOP" packageHeight="180" >
      <Path lineWidth="0" type="line" >
        <Point x="-16" y="-84" />
        <Point x="-16" y="-116" />
      </Path>
    </Layer>
    <Layer name="PACKAGE GEOMETRY/ASSEMBLY_TOP" packageHeight="180" >
      <Path lineWidth="0" type="line" >
        <Point x="-16" y="-116" />
        <Point x="-5" y="-116" />
      </Path>
    </Layer>
    <Layer name="PACKAGE GEOMETRY/ASSEMBLY_TOP" packageHeight="180" >
      <Path lineWidth="0" type="line" >
        <Point x="-5" y="-216" />
        <Point x="-5" y="-184" />
      </Path>
    </Layer>
    <Layer name="PACKAGE GEOMETRY/ASSEMBLY_TOP" packageHeight="180" >
      <Path lineWidth="0" type="line" >
        <Point x="-5" y="-184" />
        <Point x="-16" y="-184" />
      </Path>
    </Layer>
    <Layer name="PACKAGE GEOMETRY/ASSEMBLY_TOP" packageHeight="180" >
      <Path lineWidth="0" type="line" >
        <Point x="-16" y="-184" />
        <Point x="-16" y="-216" />
      </Path>
    </Layer>
    <Layer name="PACKAGE GEOMETRY/ASSEMBLY_TOP" packageHeight="180" >
      <Path lineWidth="0" type="line" >
        <Point x="-16" y="-216" />
        <Point x="-5" y="-216" />
      </Path>
    </Layer>
    <Layer name="PACKAGE GEOMETRY/ASSEMBLY_TOP" packageHeight="180" >
      <Path lineWidth="0" type="line" >
        <Point x="-5" y="-316" />
        <Point x="-5" y="-284" />
      </Path>
    </Layer>
    <Layer name="PACKAGE GEOMETRY/ASSEMBLY_TOP" packageHeight="180" >
      <Path lineWidth="0" type="line" >
        <Point x="-5" y="-284" />
        <Point x="-16" y="-284" />
      </Path>
    </Layer>
    <Layer name="PACKAGE GEOMETRY/ASSEMBLY_TOP" packageHeight="180" >
      <Path lineWidth="0" type="line" >
        <Point x="-16" y="-284" />
        <Point x="-16" y="-316" />
      </Path>
    </Layer>
    <Layer name="PACKAGE GEOMETRY/ASSEMBLY_TOP" packageHeight="180" >
      <Path lineWidth="0" type="line" >
        <Point x="-16" y="-316" />
        <Point x="-5" y="-316" />
      </Path>
    </Layer>
    <Layer name="PACKAGE GEOMETRY/ASSEMBLY_TOP" packageHeight="180" >
      <Path lineWidth="0" type="line" >
        <Point x="305" y="-284" />
        <Point x="305" y="-316" />
      </Path>
    </Layer>
    <Layer name="PACKAGE GEOMETRY/ASSEMBLY_TOP" packageHeight="180" >
      <Path lineWidth="0" type="line" >
        <Point x="305" y="-316" />
        <Point x="316" y="-316" />
      </Path>
    </Layer>
    <Layer name="PACKAGE GEOMETRY/ASSEMBLY_TOP" packageHeight="180" >
      <Path lineWidth="0" type="line" >
        <Point x="316" y="-316" />
        <Point x="316" y="-284" />
      </Path>
    </Layer>
    <Layer name="PACKAGE GEOMETRY/ASSEMBLY_TOP" packageHeight="180" >
      <Path lineWidth="0" type="line" >
        <Point x="316" y="-284" />
        <Point x="305" y="-284" />
      </Path>
    </Layer>
    <Layer name="PACKAGE GEOMETRY/ASSEMBLY_TOP" packageHeight="180" >
      <Path lineWidth="0" type="line" >
        <Point x="305" y="-184" />
        <Point x="305" y="-216" />
      </Path>
    </Layer>
    <Layer name="PACKAGE GEOMETRY/ASSEMBLY_TOP" packageHeight="180" >
      <Path lineWidth="0" type="line" >
        <Point x="305" y="-216" />
        <Point x="316" y="-216" />
      </Path>
    </Layer>
    <Layer name="PACKAGE GEOMETRY/ASSEMBLY_TOP" packageHeight="180" >
      <Path lineWidth="0" type="line" >
        <Point x="316" y="-216" />
        <Point x="316" y="-184" />
      </Path>
    </Layer>
    <Layer name="PACKAGE GEOMETRY/ASSEMBLY_TOP" packageHeight="180" >
      <Path lineWidth="0" type="line" >
        <Point x="316" y="-184" />
        <Point x="305" y="-184" />
      </Path>
    </Layer>
    <Layer name="PACKAGE GEOMETRY/ASSEMBLY_TOP" packageHeight="180" >
      <Path lineWidth="0" type="line" >
        <Point x="305" y="-84" />
        <Point x="305" y="-116" />
      </Path>
    </Layer>
    <Layer name="PACKAGE GEOMETRY/ASSEMBLY_TOP" packageHeight="180" >
      <Path lineWidth="0" type="line" >
        <Point x="305" y="-116" />
        <Point x="316" y="-116" />
      </Path>
    </Layer>
    <Layer name="PACKAGE GEOMETRY/ASSEMBLY_TOP" packageHeight="180" >
      <Path lineWidth="0" type="line" >
        <Point x="316" y="-116" />
        <Point x="316" y="-84" />
      </Path>
    </Layer>
    <Layer name="PACKAGE GEOMETRY/ASSEMBLY_TOP" packageHeight="180" >
      <Path lineWidth="0" type="line" >
        <Point x="316" y="-84" />
        <Point x="305" y="-84" />
      </Path>
    </Layer>
    <Layer name="PACKAGE GEOMETRY/ASSEMBLY_TOP" packageHeight="180" >
      <Path lineWidth="0" type="line" >
        <Point x="305" y="16" />
        <Point x="305" y="-16" />
      </Path>
    </Layer>
    <Layer name="PACKAGE GEOMETRY/ASSEMBLY_TOP" packageHeight="180" >
      <Path lineWidth="0" type="line" >
        <Point x="305" y="-16" />
        <Point x="316" y="-16" />
      </Path>
    </Layer>
    <Layer name="PACKAGE GEOMETRY/ASSEMBLY_TOP" packageHeight="180" >
      <Path lineWidth="0" type="line" >
        <Point x="316" y="-16" />
        <Point x="316" y="16" />
      </Path>
    </Layer>
    <Layer name="PACKAGE GEOMETRY/ASSEMBLY_TOP" packageHeight="180" >
      <Path lineWidth="0" type="line" >
        <Point x="316" y="16" />
        <Point x="305" y="16" />
      </Path>
    </Layer>
    <Layer name="PACKAGE GEOMETRY/SILKSCREEN_TOP" packageHeight="180" >
      <Path lineWidth="6" type="line" >
        <Point x="-10" y="-350" />
        <Point x="310" y="-350" />
      </Path>
    </Layer>
    <Layer name="PACKAGE GEOMETRY/SILKSCREEN_TOP" packageHeight="180" >
      <Path lineWidth="6" type="line" >
        <Point x="310" y="-350" />
        <Point x="310" y="-341.9239" />
      </Path>
    </Layer>
    <Layer name="PACKAGE GEOMETRY/SILKSCREEN_TOP" packageHeight="180" >
      <Path lineWidth="6" type="line" >
        <Point x="310" y="50" />
        <Point x="-10" y="50" />
      </Path>
    </Layer>
    <Layer name="PACKAGE GEOMETRY/SILKSCREEN_TOP" packageHeight="180" >
      <Path lineWidth="6" type="line" >
        <Point x="-10" y="50" />
        <Point x="-10" y="43.1" />
      </Path>
    </Layer>
    <Layer name="PACKAGE GEOMETRY/ASSEMBLY_TOP" packageHeight="180" >
      <Path lineWidth="0" type="line" >
        <Point x="-5" y="-345" />
        <Point x="305" y="-345" />
      </Path>
    </Layer>
    <Layer name="PACKAGE GEOMETRY/ASSEMBLY_TOP" packageHeight="180" >
      <Path lineWidth="0" type="line" >
        <Point x="305" y="-345" />
        <Point x="305" y="45" />
      </Path>
    </Layer>
    <Layer name="PACKAGE GEOMETRY/ASSEMBLY_TOP" packageHeight="180" >
      <Path lineWidth="0" type="line" >
        <Point x="305" y="45" />
        <Point x="-5" y="45" />
      </Path>
    </Layer>
    <Layer name="PACKAGE GEOMETRY/ASSEMBLY_TOP" packageHeight="180" >
      <Path lineWidth="0" type="line" >
        <Point x="-5" y="45" />
        <Point x="-5" y="-345" />
      </Path>
    </Layer>
    <Layer name="PACKAGE GEOMETRY/ASSEMBLY_TOP" packageHeight="180" >
      <Arc lineWidth="0" centerX="150" centerY="45" x1="138" y1="45" x2="162" y2="45" startAngle="180" stopAngle="360" /> 
    </Layer>
    <Layer name="PACKAGE GEOMETRY/SILKSCREEN_TOP" packageHeight="180" >
      <Path lineWidth="6" type="line" >
        <Point x="-10" y="-43.1" />
        <Point x="-10" y="-58.0761" />
      </Path>
    </Layer>
    <Layer name="PACKAGE GEOMETRY/SILKSCREEN_TOP" packageHeight="180" >
      <Path lineWidth="6" type="line" >
        <Point x="-10" y="-141.9239" />
        <Point x="-10" y="-158.0761" />
      </Path>
    </Layer>
    <Layer name="PACKAGE GEOMETRY/SILKSCREEN_TOP" packageHeight="180" >
      <Path lineWidth="6" type="line" >
        <Point x="-10" y="-241.9239" />
        <Point x="-10" y="-258.0761" />
      </Path>
    </Layer>
    <Layer name="PACKAGE GEOMETRY/SILKSCREEN_TOP" packageHeight="180" >
      <Path lineWidth="6" type="line" >
        <Point x="-10" y="-341.9239" />
        <Point x="-10" y="-350" />
      </Path>
    </Layer>
    <Layer name="PACKAGE GEOMETRY/SILKSCREEN_TOP" packageHeight="180" >
      <Path lineWidth="6" type="line" >
        <Point x="310" y="-258.0761" />
        <Point x="310" y="-241.9239" />
      </Path>
    </Layer>
    <Layer name="PACKAGE GEOMETRY/SILKSCREEN_TOP" packageHeight="180" >
      <Path lineWidth="6" type="line" >
        <Point x="310" y="-158.0761" />
        <Point x="310" y="-141.9239" />
      </Path>
    </Layer>
    <Layer name="PACKAGE GEOMETRY/SILKSCREEN_TOP" packageHeight="180" >
      <Path lineWidth="6" type="line" >
        <Point x="310" y="-58.0761" />
        <Point x="310" y="-41.9239" />
      </Path>
    </Layer>
    <Layer name="PACKAGE GEOMETRY/SILKSCREEN_TOP" packageHeight="180" >
      <Path lineWidth="6" type="line" >
        <Point x="310" y="41.9239" />
        <Point x="310" y="50" />
      </Path>
    </Layer>
  </Layers>
</Footprint>
